id_lancamento,cnpj_basico,competencia,macro_setor,cnae_fiscal_principal,regime_atual,receita_bruta_mensal,folha_salarios_mensal,custo_mercadoria_vendida,despesas_operacionais,compras_com_credito,data_hora_geracao
8f30254f-5151-47e6-9b71-bad789df4ab8,33246269,2026-09,Comércio,4789099,Simples Nacional,65216.79,7893.98,44598.5,7568.47,22309.6,2026-09-30T23:51:40
cfdebd2e-0e55-4615-abfc-53c9cb7194f5,79075873,2026-09,Comércio,4712100,Simples Nacional,78083.74,10576.18,40817.34,9611.44,34943.38,2026-09-30T23:51:40
b647b210-c6d4-46bf-8814-aa151fdc562d,76476313,2026-09,Comércio,4781400,Simples Nacional,43655.05,5647.63,24242.67,9750.49,26371.86,2026-09-30T23:51:40
be0ae1f3-cad6-46a6-b2d2-413b6f9ed5df,64045292,2026-09,Serviços,6204000,Simples Nacional,53654.66,16975.01,1459.89,6471.37,6096.06,2026-09-30T23:51:40
c01be283-9d6a-476c-8735-423469c79057,89652864,2026-09,Comércio,4789099,Lucro Presumido,109041.42,15608.49,60043.59,19566.68,27035.3,2026-09-30T23:51:40
54b7f504-c829-4e0c-8f6c-ef8432064959,15065598,2026-09,Serviços,6204000,Simples Nacional,120240.72,39778.58,2053.9,20176.92,7083.94,2026-09-30T23:51:40
adefde46-1d67-49c0-99e8-c9cfaacfac01,69455700,2026-09,Indústria,1091102,Simples Nacional,45718.26,9662.48,24930.21,5838.62,22939.06,2026-09-30T23:51:40
63f506e2-bddc-487b-93c9-30eff9ccb63b,63025004,2026-09,Indústria,2539001,Simples Nacional,79615560.0,18519.07,39482.41,10995.81,25046.83,2026-09-30T23:51:40
c79016c2-c561-4906-bb3b-415a9cd92fdd,65969674,2026-09,Indústria,1091102,Simples Nacional,84402.15,16762.72,47080.18,15546.47,42570.01,2026-09-30T23:51:40
53fa19f4-319a-42ff-b093-13ddafe7452d,28233123,2026-09,Indústria,1091102,Lucro Presumido,88734.57,20437.0,41790.37,14011.74,27479.52,2026-09-30T23:51:40
37be93b2-92ab-466d-b765-0f426d401392,65425374,2026-09,Indústria,1091102,Simples Nacional,240128.75,29574.62,140996.45,40569.87,75231.2,2026-09-30T23:51:40
573a8a3e-145b-42b3-82be-f9a512510105,94386473,2026-09,Comércio,4789099,Simples Nacional,157138.38,14139.8,103995.78,20981.94,92221.43,2026-09-30T23:51:40
ad186cfd-d4ae-4384-8678-139e02cce380,04566597,2026-09,Indústria,2539001,Lucro Presumido,184804.06,31378.26,88646.69,32953.82,47367.15,2026-09-30T23:51:40
67223855-e54d-40f9-8696-556bfdaa4ebb,67407427,2026-09,Serviços,7020400,Simples Nacional,13816.81,5870.58,238.67,3096.39,1320.12,2026-09-30T23:51:40
3b32d9b6-bf7e-45a5-81cd-049cb7588275,75464288,2026-09,Comércio,4781400,Simples Nacional,104962.21,8604.35,62756.82,15663.25,38269.28,2026-09-30T23:51:40
e61ef7f1-ab05-4180-a44c-40d8e741c726,51670013,2026-09,Indústria,3101200,Simples Nacional,73302.07,17194.98,42412.18,17999.98,28076.69,2026-09-30T23:51:40
f2b05832-3706-43c2-b872-5399c0e13894,85062856,2026-09,Comércio,4789099,Simples Nacional,343685.04,31640.7,211715.96,76702.22,152624.81,2026-09-30T23:51:40
10d01d2b-4eea-4274-8da8-d30720658ca4,72245522,2026-09,Comércio,4712100,Simples Nacional,52905.07,7290.96,26503.45,11808.56,26075.75,2026-09-30T23:51:40
fd47e03a-f389-4b2e-95be-65aa887a65b6,53073629,2026-09,Serviços,6911701,Lucro Presumido,41865.78,11390.38,1497.18,9773.24,8852.28,2026-09-30T23:51:40
734caaaa-d8ec-44ad-992d-e29d136134a2,45336406,2026-09,Indústria,1091102,Lucro Real,450992.75,82048.35,222587.25,59449.94,157307.04,2026-09-30T23:51:40
980a2517-5b0f-4128-9b98-41a38821714f,22073040,2026-09,Indústria,2539001,Simples Nacional,33685.47,6212.77,17455.54,8264.39,19627.97,2026-09-30T23:51:40
f56c2c99-9cd4-4e5a-af85-23484021995f,95353756,2026-09,Comércio,4781400,Simples Nacional,21392.13,2192.43,13093.5,3183.46,9570.94,2026-09-30T23:51:40
eae04b6f-ee6e-4f7b-8db7-9b104ebff595,27950790,2026-09,Indústria,2539001,Simples Nacional,30412.18,5775.28,13717.98,5282.75,8921.56,2026-09-30T23:51:40
c2ef2605-3980-435d-a68a-0db9f76bafa3,08130232,2026-09,Comércio,4789099,Simples Nacional,-236031.24,32294.26,125153.6,46137.11,113807.44,2026-09-30T23:51:40
9f28f5c6-f391-4d5a-9ef6-78588ae06844,86733627,2026-09,Serviços,7020400,Lucro Presumido,82633.75,31422.56,2670.22,17128.95,10644.47,2026-09-30T23:51:40
6d5de141-23d9-4c07-b2b4-daa38b7085a6,85763910,2026-09,Comércio,4781400,Simples Nacional,19758.08,2280.3,12935.35,3925.02,10046.49,2026-09-30T23:51:40
ffe8a38f-bebf-4f54-9bf7-9f680c6c5266,01435929,2026-09,Serviços,6911701,Simples Nacional,182304.28,41707.81,4662.4,41567.38,27243.92,2026-09-30T23:51:40
43bd3ca0-ac6f-4bec-92b4-2f2a38ab4555,02179467,2026-09,Serviços,8630503,Simples Nacional,22281.21,8239.47,18.72,4968.14,3239.5,2026-09-30T23:51:40
ed8da234-b387-4bef-9e1a-ce26678d322b,60359843,2026-09,Serviços,6911701,Simples Nacional,34449.72,12285.99,282.7,3603.26,3071.85,2026-09-30T23:51:40
cd4a8a8c-611f-4d14-8240-0b8dee9d3cf3,10407862,2026-09,Indústria,3101200,Simples Nacional,37561.33,6426.98,19137.02,6259.48,14291.14,2026-09-30T23:51:40
dfa7a926-6522-44d2-99f8-07105bd0fad1,48905952,2026-09,Indústria,1091102,Lucro Presumido,64321.22,14531.28,29771.89,13430.4,21023.06,2026-09-30T23:51:40
c0926f18-9bd6-4adb-82e1-bc0c59dbae2e,51625946,2026-09,Comércio,4789099,Simples Nacional,81171.49,8501.58,42424.86,10295.73,24289.24,2026-09-30T23:51:40
597058f9-693f-4034-90e4-ac9bd03cae4a,69549806,2026-09,Serviços,9602501,Simples Nacional,82197.22,20080.09,3908.58,10363.99,10914.47,2026-09-30T23:51:40
1f6d7f09-9d85-46cc-8169-7615627e9a5e,42484801,2026-09,Indústria,2539001,Simples Nacional,41184.29,8732.96,17761.62,10150.67,10536.97,2026-09-30T23:51:40
f2d265d6-c3f4-4fff-966f-0a12a01354d0,06031143,2026-09,Serviços,6911701,Simples Nacional,85476.76,26680.63,2263.12,12243.16,8722.53,2026-09-30T23:51:40
36c2dc05-8fb0-4013-a85d-966cfe09f8f7,22919537,2026-09,Comércio,4712100,Lucro Presumido,71322.24,9015.83,37933.04,14795.52,28898.78,30/09/2026 23:51
fbb97b4d-f311-4372-b781-7cc8d4e46b86,53526150,2026-09,Serviços,7020400,Lucro Presumido,19477.63,5014.37,349.0,2930.49,2484.46,2026-09-30T23:51:40
faeb34c1-2b52-4e82-be22-7104b016af42,81522689,2026-09,Ind.,1091102,Lucro Presumido,85180.2,13042.44,50581.27,21000.71,41230.29,2026-09-30T23:51:40
972dad85-f41a-4fd7-a945-ba3c007f18ef,75959873,2026-09,Serviços,7020400,Simples Nacional,3423.93,1331.88,141.54,345.7,319.62,2026-09-30T23:51:40
03795d73-c097-4277-b97e-f71fb358f2e5,95573945,2026-09,Serviços,6911701,Simples Nacional,105794.58,47383.94,3482.12,12324.91,7879.64,2026-09-30T23:51:40
242f6cf6-8ad9-4202-9c8c-0636ab59dee3,60072999,2026-09,Indústria,3101200,Lucro Presumido,892000.28,146892.45,517126.77,187554.65,238054.79,2026-09-30T23:51:40
0071091d-0f2e-4378-8330-029b22c7c823,24013387,2026-09,Comércio,4789099,Simples Nacional,28642.44,3778.77,20045.78,4376.95,19121.42,2026-09-30T23:51:40
6ae71b5a-a48d-41b1-a483-366c8b5a6313,55331434,2026-09,Serviços,9602501,Simples Nacional,27087.21,6167.78,244.06,3584.04,1760.8,2026-09-30T23:51:40
25636fd8-8600-42c6-9538-c7708bb79c4d,77943958,2026-09,Serviços,8630503,Simples Nacional,11402.29,3269.45,127.65,1649.47,1209.74,2026-09-30T23:51:40
bb51e04a-a4af-4688-ab26-a63f7f1d87cd,32881901,2026-09,Comércio,4789099,Simples Nacional,23725.38,2519.48,12543.7,2797.61,10286.55,2026-09-30T23:51:40
518ab8bf-7ba4-46bb-a842-bb1868e6ef20,66612987,2026-09,Comércio,4789099,Simples Nacional,145684.25,12504.09,96862.28,21745.37,72618.55,2026-09-30T23:51:40
03795d73-c097-4277-b97e-f71fb358f2e5,95573945,2026-09,Serviços,6911701,Simples Nacional,105794.58,47383.94,3482.12,12324.91,7879.64,2026-09-30T23:51:40
1efc1df7-8e2f-40cd-830c-c6243e76e507,03855360,2026-09,Comércio,4712100,Simples Nacional,48475.74,5413.58,32958.41,7610.16,17893.79,2026-09-30T23:51:40
0dc1210b-337f-4311-b652-5eb7c0222f23,07644194,2026-09,Indústria,2539001,Simples Nacional,167024.48,23000.09,97412.35,21182.92,63468.71,2026-09-30T23:51:40
b2a8c3b7-15f4-49a4-899d-ef4f4b7f9d1e,99895237,2026-09,Serviços,6911701,Simples Nacional,65769.35,18084.75,2428.0,11655.54,8539.38,2026-09-30T23:51:40
86d75f74-5ee9-4076-a47c-070c5e65b98e,47571331,2026-09,Indústria,3101200,Simples Nacional,368790.96,51455.29,201958.19,50247.42,86327.28,2026-09-30T23:51:40
